{
  "hash": "dfddb6d9",
  "configHash": "9996b3e5",
  "lockfileHash": "7b59b262",
  "browserHash": "7ac411a6",
  "optimized": {
    "@angular/core": {
      "src": "../../../../../node_modules/@angular/core/fesm2022/core.mjs",
      "file": "@angular_core.js",
      "fileHash": "61a98cb6",
      "needsInterop": false
    },
    "@angular/platform-browser": {
      "src": "../../../../../node_modules/@angular/platform-browser/fesm2022/platform-browser.mjs",
      "file": "@angular_platform-browser.js",
      "fileHash": "1812b173",
      "needsInterop": false
    },
    "@angular/router": {
      "src": "../../../../../node_modules/@angular/router/fesm2022/router.mjs",
      "file": "@angular_router.js",
      "fileHash": "62b2792d",
      "needsInterop": false
    },
    "rxjs": {
      "src": "../../../../../node_modules/rxjs/dist/esm5/index.js",
      "file": "rxjs.js",
      "fileHash": "cd71521c",
      "needsInterop": false
    },
    "@angular/forms": {
      "src": "../../../../../node_modules/@angular/forms/fesm2022/forms.mjs",
      "file": "@angular_forms.js",
      "fileHash": "99334c6d",
      "needsInterop": false
    }
  },
  "chunks": {
    "chunk-34IONQ3N": {
      "file": "chunk-34IONQ3N.js"
    },
    "chunk-3AIDLR2M": {
      "file": "chunk-3AIDLR2M.js"
    },
    "chunk-OI6EX5JM": {
      "file": "chunk-OI6EX5JM.js"
    },
    "chunk-SXIXOCJ4": {
      "file": "chunk-SXIXOCJ4.js"
    }
  }
}